Country	POP	Gini	Gini
Australia	14.368543	18	18
Australia	13.892674	18.1	18.1
Australia	14.054956	18.7	18.7
Australia	14.532401	19	19
Australia	14.211657	19.4	19.4
Australia	14.708323	20.1	20.1
Australia	14.898019	20.4	20.4
Australia	15.101227	20.7	20.7
Australia	15.548591	20.7	20.7
Australia	15.791043	20.7	20.7
Australia	13.7254	20.9	20.9
Australia	16.047026	21.1	21.1
Australia	15.318254	21.3	21.3
Australia	13.364238	22.5	22.5
Australia	8.675029	22.7	22.7
Australia	13.55219	22.9	22.9
Australia	9.029064	23	23
Australia		23.1	23.1
Australia	9.90022	23.4	23.4
Australia	16.314778	23.4	23.4
Australia		23.5	23.5
Australia	8.85913	23.5	23.5
Australia	9.239138	23.5	23.5
Australia		23.6	23.6
Australia	9.456325	23.6	23.6
Australia		23.7	23.7
Australia	9.684162	24	24
Australia	11.435046	24.1	24.1
Australia	11.660398	24.2	24.2
Australia	16.849253	24.2	24.2
Australia	10.106834	24.3	24.3
Australia	11.880264	24.5	24.5
Australia	10.327479	24.7	24.7
Australia	10.561457	24.7	24.7
Australia	12.101641	24.7	24.7
Australia	12.335469	24.7	24.7
Australia	12.618559	24.8	24.8
Australia	10.803588	24.9	24.9
Australia	11.214037	24.9	24.9
Australia	13.150591	24.9	24.9
Australia	12.90476	25	25
Australia	11.003531	25.2	25.2
Australia	17.096869	25.4	25.4
Australia	17.932214	25.5	25.5
Australia	17.325818	25.9	25.9
Australia	14.368543	26.1	26.1
Australia		26.2	26.2
Australia	16.585905	26.3	26.3
Australia		26.5	26.5
Australia	17.538387	26.5	26.5
Australia	13.892674	26.6	26.6
Australia	14.532401	26.7	26.7
Australia	17.738428	26.7	26.7
Australia	14.054956	27	27
Australia	14.211657	27.1	27.1
Australia		27.2	27.2
Australia	19.308681	27.5	27.5
Australia	14.708323	27.8	27.8
Australia	19.107251	27.9	27.9
Australia	14.898019	28	28
Australia	14.898019	28.1	28.1
Australia	13.364238	28.2	28.2
Australia	18.906936	28.2	28.2
Australia	15.101227	28.3	28.3
Australia	18.12477	28.3	28.3
Australia	22.162863	28.3	28.3
Australia	22.542371	28.3	28.3
Australia	18.31834	28.8	28.8
Australia	15.318254	28.9	28.9
Australia	13.55219	29.1	29.1
Australia	15.791043	29.2	29.2
Australia	18.512971	29.2	29.2
Australia	18.512971	29.2	29.2
Australia	13.7254	29.3	29.3
Australia	19.985475	29.4	29.4
Australia	15.548591	29.5	29.5
Australia	18.31834	29.6	29.6
Australia	15.791043	30.2	30.2
Australia	16.849253	30.2	30.2
Australia	18.12477	30.2	30.2
Australia	8.427065	30.3	30.3
Australia	11.660398	30.3	30.3
Australia	18.709175	30.3	30.3
Australia	9.90022	30.4	30.4
Australia	18.709175	30.4	30.4
Australia	11.435046	30.5	30.5
Australia	11.880264	30.7	30.7
Australia	10.106834	30.8	30.8
Australia	12.101641	30.8	30.8
Australia	13.150591	30.8	30.8
Australia	18.12477	30.8	30.8
Australia	10.327479	30.9	30.9
Australia	10.561457	30.9	30.9
Australia	10.803588	30.9	30.9
Australia	12.335469	30.9	30.9
Australia	16.047026	30.9	30.9
Australia	17.096869	30.9	30.9
Australia	18.12477	30.9	30.9
Australia	19.514385	30.9	30.9
Australia	12.90476	31	31
Australia	19.107251	31	31
Australia	19.308681	31.1	31.1
Australia	11.214037	31.2	31.2
Australia	12.101641	31.2	31.2
Australia	12.618559	31.2	31.2
Australia	19.735255	31.3	31.3
Australia	14.898019	31.33	31.33
Australia	21.370348	31.4	31.4
Australia	9.684162	31.5	31.5
Australia	11.003531	31.5	31.5
Australia	19.985475	31.5	31.5
Australia	12.335469	31.7	31.7
Australia	19.107251	31.7	31.7
Australia	19.308681	31.7	31.7
Australia	9.029064	32	32
Australia	9.239138	32	32
Australia	12.101641	32	32
Australia	12.618559	32	32
Australia	16.047026	32.2	32.2
Australia	14.898019	32.3	32.3
Australia	22.911375	32.4	32.4
Australia	15.791043	32.5	32.5
Australia	16.314778	32.5	32.5
Australia	9.456325	32.7	32.7
Australia	14.054956	33	33
Australia	17.096869	33	33
Australia	16.849253	33.15	33.15
Australia	12.335469	33.2	33.2
Australia	22.162863	33.3	33.3
Australia	23.622353	33.3	33.3
Australia	21.370348	33.4	33.4
Australia	22.162863	33.4	33.4
Australia	12.335469	33.5	33.5
Australia		33.6	33.6
Australia	16.849253	33.6	33.6
Australia	21.370348	33.6	33.6
Australia	18.12477	33.72	33.72
Australia	17.096869	33.8	33.8
Australia	18.12477	33.8	33.8
Australia	19.735255	34.01	34.01
Australia		34.1	34.1
Australia	8.85913	34.1	34.1
Australia	19.308681	34.14	34.14
Australia	17.325818	34.2	34.2
Australia	14.054956	34.3	34.3
Australia	18.709175	34.3	34.3
Australia		34.4	34.4
Australia	14.054956	34.5	34.5
Australia		34.8	34.8
Australia	8.675029	34.8	34.8
Australia	17.538387	34.8	34.8
Australia		34.9	34.9
Australia	16.585905	34.9	34.9
Australia	22.162863	34.94	34.94
Australia	17.738428	35	35
Australia	16.047026	35.2	35.2
Australia	17.932214	35.3	35.3
Australia		35.5	35.5
Australia	21.370348	35.63	35.63
Australia		35.8	35.8
Australia	18.12477	35.9	35.9
Australia		36.4	36.4
Australia	16.047026	36.4	36.4
Australia	18.31834	36.5	36.5
Australia	18.512971	37	37
Australia	17.096869	37.5	37.5
Australia	18.709175	37.6	37.6
Australia	19.308681	37.8	37.8
Australia	14.368543	38.1	38.1
Australia	18.906936	38.1	38.1
Australia	19.107251	38.3	38.3
Australia	18.12477	38.5	38.5
Australia	18.709175	39	39
Australia	14.532401	39.3	39.3
Australia	14.898019	40	40
Australia	11.003531	41.6	41.6
Australia	16.047026	42	42
Australia	8.427065	42.7	42.7
Australia	17.096869	42.7	42.7
Australia	18.12477	43.6	43.6
Australia	17.096869	43.7	43.7
Australia	18.512971	43.7	43.7
Australia	18.12477	44.3	44.3
Australia	18.31834	44.4	44.4
Australia	18.709175	44.6	44.6
Australia	23.622353	44.6	44.6
Australia	19.107251	44.8	44.8
Australia	19.985475	46.5	46.5
Australia	18.12477	46.7	46.7
Australia	21.370348	46.8	46.8
Australia	22.162863	46.9	46.9
Australia	19.107251	47.6	47.6
Australia	16.047026	53.2	53.2
Australia	17.096869	54.3	54.3
Australia	18.12477	57	57
Australia	18.709175	58.2	58.2
Canada	27.296517	27.4	27.4
Canada	27.66244	27.6	27.6
Canada	28.014102	27.6	27.6
Canada	27.296517	27.8	27.8
Canada	26.919036	28.1	28.1
Canada	27.66244	28.1	28.1
Canada	28.014102	28.1	28.1
Canada	26.541981	28.3	28.3
Canada	27.296517	28.3	28.3
Canada	28.353843	28.3	28.3
Canada	28.995822	28.3	28.3
Canada	24.768525	28.4	28.4
Canada	24.768525	28.4	28.4
Canada	26.919036	28.4	28.4
Canada	28.995822	28.4	28.4
Canada	24.515788	28.5	28.5
Canada	25.017501	28.6	28.6
Canada	26.541981	28.6	28.6
Canada	28.014102	28.6	28.6
Canada	28.680921	28.6	28.6
Canada	28.680921	28.6	28.6
Canada	26.181342	28.7	28.7
Canada	27.66244	28.7	28.7
Canada	28.014102	28.7	28.7
Canada	28.995822	28.7	28.7
Canada	25.848173	28.8	28.8
Canada	29.299478	28.8	28.8
Canada	26.541981	28.9	28.9
Canada	29.299478	28.9	28.9
Canada	29.590952	29.1	29.1
Canada	25.546736	29.2	29.2
Canada	26.181342	29.2	29.2
Canada	28.353843	29.2	29.2
Canada	29.871092	29.2	29.2
Canada	25.848173	29.3	29.3
Canada	25.017501	29.4	29.4
Canada	25.272656	29.4	29.4
Canada	28.014102	29.4	29.4
Canada	25.546736	29.6	29.6
Canada	29.590952	29.6	29.6
Canada	29.590952	29.8	29.8
Canada	30.420216	29.8	29.8
Canada	25.272656	29.9	29.9
Canada	29.871092	30	30
Canada	30.145148	30	30
Canada	30.701903	30.1	30.1
Canada	29.871092	30.2	30.2
Canada	18.368701	30.8	30.8
Canada	30.145148	30.9	30.9
Canada	30.420216	30.9	30.9
Canada	22.823272	31	31
Canada	24.257594	31	31
Canada	28.014102	31.15	31.15
Canada	30.145148	31.3	31.3
Canada	28.995822	31.39	31.39
Canada	20.522272	31.4	31.4
Canada	19.784307	31.6	31.6
Canada	22.488744	31.6	31.6
Canada	23.140609	31.6	31.6
Canada	26.541981	31.6	31.6
Canada	31.596593	31.6	31.6
Canada	34.499905	31.6	31.6
Canada	30.991344	31.7	31.7
Canada	32.256333	31.7	31.7
Canada	29.871092	31.77	31.77
Canada	24.768525	31.8	31.8
Canada	30.701903	31.8	31.8
Canada	30.701903	31.8	31.8
Canada	31.288572	31.8	31.8
Canada	32.611436	31.8	31.8
Canada	32.982275	31.8	31.8
Canada	34.126173	31.8	31.8
Canada	26.919036	31.9	31.9
Canada	32.982275	31.9	31.9
Canada	16.767096	32	32
Canada	23.723801	32	32
Canada	31.918582	32	32
Canada	33.746559	32	32
Canada	34.126173	32	32
Canada	33.363256	32.1	32.1
Canada	18.368701	32.2	32.2
Canada	21.790338	32.2	32.2
Canada	31.918582	32.2	32.2
Canada	21.1416	32.3	32.3
Canada	26.541981	32.3	32.3
Canada	26.181342	32.5	32.5
Canada	14.125903	32.6	32.6
Canada	24.768525	32.6	32.6
Canada	25.272656	32.8	32.8
Canada	25.848173	32.8	32.8
Canada	25.546736	33	33
Canada	23.140609	33.1	33.1
Canada	24.768525	33.1	33.1
Canada	19.784307	33.3	33.3
Canada	30.145148	33.59	33.59
Canada	28.680921	33.6	33.6
Canada	30.701903	33.65	33.65
Canada	34.126173	33.68	33.68
Canada	31.918582	33.88	33.88
Canada	28.995822	33.9	33.9
Canada	32.982275	33.9	33.9
Canada	29.299478	34.3	34.3
Canada	29.590952	34.9	34.9
Canada	29.871092	35.2	35.2
Canada	26.541981	35.3	35.3
Canada	21.1416	35.4	35.4
Canada	30.145148	35.5	35.5
Canada	30.420216	35.9	35.9
Canada	19.784307	36	36
Canada	30.701903	36.5	36.5
Canada	21.790338	37.3	37.3
Canada	27.296517	38.8	38.8
Canada	14.125903	39	39
Canada	26.919036	39.1	39.1
Canada	32.611436	39.2	39.2
Canada	26.541981	39.3	39.3
Canada	32.982275	39.3	39.3
Canada	33.363256	39.3	39.3
Canada	33.746559	39.4	39.4
Canada	25.848173	39.5	39.5
Canada	26.181342	39.5	39.5
Canada	34.126173	39.5	39.5
Canada	34.499905	39.5	39.5
Canada	25.546736	40.2	40.2
Canada	25.272656	40.3	40.3
Canada	27.66244	40.3	40.3
Canada	28.014102	41.5	41.5
Canada	28.014102	42.3	42.3
Canada	28.353843	42.9	42.9
Canada	28.680921	43	43
Canada	29.299478	43	43
Canada	28.995822	43.2	43.2
Canada	32.256333	43.6	43.6
Canada	32.611436	43.6	43.6
Canada	32.982275	43.6	43.6
Canada	30.420216	43.8	43.8
Canada	33.363256	43.8	43.8
Canada	29.590952	43.9	43.9
Canada	29.871092	43.9	43.9
Canada	31.596593	43.9	43.9
Canada	30.701903	44	44
Canada	31.288572	44.1	44.1
Canada	30.991344	44.2	44.2
Canada	31.918582	44.3	44.3
Canada	33.746559	44.4	44.4
Canada	30.145148	44.6	44.6
Canada	34.126173	44.7	44.7
Canada	34.126173		
Denmark	5.113767	20	20
Denmark	5.232582	20	20
Denmark	5.276683	20	20
Denmark	5.113408	20.1	20.1
Denmark	5.115308	20.5	20.5
Denmark	5.116351	20.9	20.9
Denmark	5.31941	21	21
Denmark	5.232582	21.5	21.5
Denmark	5.118966	21.6	21.6
Denmark	5.211321	21.6	21.6
Denmark	5.254383	21.6	21.6
Denmark	5.12281	22	22
Denmark	5.129472	22	22
Denmark	5.354704	22	22
Denmark	5.113408	22.1	22.1
Denmark	5.232582	22.1	22.1
Denmark	5.154309	22.2	22.2
Denmark	5.171304	22.2	22.2
Denmark	5.190631	22.3	22.3
Denmark	5.113767	22.4	22.4
Denmark	5.121511	22.4	22.4
Denmark	5.276683	22.4	22.4
Denmark	5.29868	22.4	22.4
Denmark	4.960476	22.5	22.5
Denmark	5.116351	22.5	22.5
Denmark	5.140332	22.6	22.6
Denmark	5.338283	22.6	22.6
Denmark	5.124807	22.7	22.7
Denmark	5.338283	22.7	22.7
Denmark	5.31941	22.8	22.8
Denmark	5.398645	23	23
Denmark	5.417692	23.2	23.2
Denmark	5.440696	23.7	23.7
Denmark	5.523755	23.8	23.8
Denmark	5.171304	23.9	23.9
Denmark	5.398645	23.9	23.9
Denmark	5.417692	23.9	23.9
Denmark	5.440696	23.9	23.9
Denmark	5.171304	24	24
Denmark	5.466988	24.1	24.1
Denmark	5.495302	24.2	24.2
Denmark	5.466988	24.6	24.6
Denmark	5.382953	24.8	24.8
Denmark	4.798825	24.9	24.9
Denmark	5.495302	25.1	25.1
Denmark	5.466988	25.2	25.2
Denmark	5.550959	25.2	25.2
Denmark	5.576577	25.3	25.3
Denmark	5.550959	25.4	25.4
Denmark	5.116351	25.5	25.5
Denmark	5.398645	25.89	25.89
Denmark	5.417692	25.94	25.94
Denmark	5.600972	26.5	26.5
Denmark	5.576577	26.6	26.6
Denmark	5.624293	26.8	26.8
Denmark	5.466988	26.85	26.85
Denmark	5.523755	26.9	26.9
Denmark	5.550959	26.9	26.9
Denmark	5.079962	27	27
Denmark	5.440696	27.08	27.08
Denmark		27.4	27.4
Denmark	5.646899	27.7	27.7
Denmark	5.523755	28.84	28.84
Denmark	5.495302	28.89	28.89
Denmark	5.550959	29.02	29.02
Denmark	5.600972	29.08	29.08
Denmark	5.576577	29.54	29.54
Denmark	5.129472	30.7	30.7
Denmark	5.140332	30.7	30.7
Denmark	5.079962	31	31
Denmark	5.124807	31	31
Denmark	5.121511	31.2	31.2
Denmark	5.116351	31.7	31.7
Denmark	5.113767	32.1	32.1
Denmark	5.113408	32.5	32.5
Denmark	5.116351	32.6	32.6
Denmark	5.140332	32.8	32.8
Denmark	5.115308	33.1	33.1
Denmark	5.171304	33.3	33.3
Denmark	5.232582	33.7	33.7
Denmark	5.118966	33.9	33.9
Denmark	5.211321	34	34
Denmark	5.276683	34	34
Denmark	5.29868	34	34
Denmark	5.31941	35	35
Denmark	5.338283	35	35
Denmark	5.369058	35	35
Denmark	5.12281	35.8	35.8
Denmark	4.798825	36	36
Denmark	5.211321	36	36
Denmark	5.232582	36	36
Denmark	4.798825	36.7	36.7
Denmark	5.124807	36.9	36.9
Denmark	4.684872	37	37
Denmark	4.721474	37	37
Denmark	5.113408	37.3	37.3
Denmark	5.232582	37.3	37.3
Denmark	4.61109	38	38
Denmark	5.190631	38	38
Denmark	5.276683	38	38
Denmark	5.29868	38	38
Denmark	5.211321	38.1	38.1
Denmark		39	39
Denmark	4.440226	39	39
Denmark	4.684872	39	39
Denmark	4.684872	39	39
Denmark	5.140332	39	39
Denmark	5.154309	39	39
Denmark	5.171304	39	39
Denmark	5.31941	39	39
Denmark	5.338283	39	39
Denmark	5.354704	39	39
Denmark	5.369058	39	39
Denmark	4.440226	39.3	39.3
Denmark	5.140332	39.6	39.6
Denmark	4.335197	40	40
Denmark	4.370486	40	40
Denmark	5.113767	40	40
Denmark	5.121511	40	40
Denmark	5.108836	40.1	40.1
Denmark	5.495302	40.5	40.5
Denmark	5.118065	40.6	40.6
Denmark	5.523755	40.8	40.8
Denmark	5.115308	41	41
Denmark	5.123435	41.3	41.3
Denmark	5.466988	41.4	41.4
Denmark	5.440696	41.5	41.5
Denmark	5.338283	41.6	41.6
Denmark	5.417692	41.6	41.6
Denmark	5.232582	41.7	41.7
Denmark	5.550959	42.9	42.9
Denmark		43	43
Denmark	5.171304	43	43
Denmark	4.868644	43.9	43.9
Denmark	4.335197	44	44
Denmark		45	45
Denmark		47	47
Denmark		50	50
Germany	78.958237	18.5	18.5
Germany	79.483739	19.8	19.8
Germany	77.221718	19.9	19.9
Germany	80.07594	20	20
Germany	78.366605	20.4	20.4
Germany	80.07594	21.3	21.3
Germany	80.675999	21.6	21.6
Germany	80.675999	22.4	22.4
Germany	81.895925	23.3	23.3
Germany	81.870772	23.6	23.6
Germany	75.553512	23.9	23.9
Germany	81.206786	24	24
Germany	81.96583	24	24
Germany	81.809438	24	24
Germany	82.010184	24.1	24.1
Germany	81.6129	24.2	24.2
Germany	81.993831	24.3	24.3
Germany	77.990369	24.4	24.4
Germany	77.657451	25	25
Germany	77.566776	25	25
Germany	81.993831	25	25
Germany	82.010184	25	25
Germany	81.96583	25	25
Germany	81.895925	25	25
Germany	81.809438	25	25
Germany	77.570009	25.1	25.1
Germany	81.699829	25.1	25.1
Germany	77.864381	25.2	25.2
Germany	78.732884	25.4	25.4
Germany	78.426715	25.4	25.4
Germany	77.657451	25.5	25.5
Germany	78.958237	25.6	25.6
Germany	81.569481	25.7	25.7
Germany	78.51479	25.8	25.8
Germany	81.993831	25.9	25.9
Germany	82.010184	25.9	25.9
Germany	81.96583	25.9	25.9
Germany	77.570009	26	26
Germany	78.958237	26	26
Germany	81.870772	26	26
Germany	77.657451	26.1	26.1
Germany	81.417791	26.1	26.1
Germany	81.246801	26.1	26.1
Germany	80.675999	26.2	26.2
Germany	79.483739	26.3	26.3
Germany	80.07594	26.3	26.3
Germany	78.426715	26.4	26.4
Germany	80.07594	26.4	26.4
Germany	81.895925	26.4	26.4
Germany	77.566776	26.6	26.6
Germany	81.6129	26.6	26.6
Germany	81.895925	26.6	26.6
Germany	78.958237	26.7	26.7
Germany	81.206786	26.8	26.8
Germany	81.055904	26.8	26.8
Germany	78.426715	26.9	26.9
Germany	81.206786	27	27
Germany	81.870772	27	27
Germany	81.809438	27	27
Germany	80.675999	27.4	27.4
Germany	81.699829	28	28
Germany	81.569481	28	28
Germany	81.417791	28	28
Germany	78.426715	28.1	28.1
Germany	81.569481	28.2	28.2
Germany	80.477952	28.3	28.3
Germany	81.417791	28.5	28.5
Germany	77.864381	28.6	28.6
Germany	80.435307	28.6	28.6
Germany	81.417791	28.7	28.7
Germany	80.665906	28.7	28.7
Germany	80.519685	28.8	28.8
Germany	80.435307	28.8	28.8
Germany	77.566776	28.9	28.9
Germany	77.671877	28.9	28.9
Germany	78.146938	28.9	28.9
Germany	81.6129	29	29
Germany	81.699829	29	29
Germany	81.055904	29	29
Germany	80.424665	29	29
Germany	80.519685	29.1	29.1
Germany	80.435307	29.3	29.3
Germany	80.424665	29.3	29.3
Germany	78.51479	29.4	29.4
Germany	80.854515	29.5	29.5
Germany	80.854515	29.5	29.5
Germany	80.565861	29.5	29.5
Germany	79.483739	29.7	29.7
Germany	81.246801	29.7	29.7
Germany	80.565861	29.7	29.7
Germany	78.958237	29.8	29.8
Germany	82.010184	29.8	29.8
Germany	77.566776	29.9	29.9
Germany	81.993831	29.9	29.9
Germany	81.96583	29.9	29.9
Germany	81.895925	29.9	29.9
Germany	78.732884	30	30
Germany	80.07594	30	30
Germany	77.570009	30.1	30.1
Germany	81.809438	30.1	30.1
Germany		30.1	30.1
Germany	80.424665	30.13	30.13
Germany	80.665906	30.2	30.2
Germany	78.732884	30.3	30.3
Germany	80.675999	30.4	30.4
Germany	81.993831	30.4	30.4
Germany	80.854515	30.4	30.4
Germany	80.675999	30.5	30.5
Germany	81.870772	30.5	30.5
Germany	81.206786	30.6	30.6
Germany	82.010184	30.7	30.7
Germany	81.895925	30.7	30.7
Germany	80.646262	30.7	30.7
Germany	80.07594	30.8	30.8
Germany	80.675999	30.8	30.8
Germany	81.96583	30.8	30.8
Germany	81.809438	31	31
Germany	81.206786	31.1	31.1
Germany	81.6129	31.1	31.1
Germany	81.417791	31.1	31.1
Germany	80.435307	31.14	31.14
Germany	81.993831	31.2	31.2
Germany	80.665906	31.29	31.29
Germany	81.870772	31.3	31.3
Germany	81.569481	31.4	31.4
Germany	78.057826	31.5	31.5
Germany	80.519685	31.51	31.51
Germany	81.699829	31.7	31.7
Germany	81.417791	31.7	31.7
Germany	81.6129	31.9	31.9
Germany	78.713928	32	32
Germany	74.256241	32.1	32.1
Germany	81.569481	32.1	32.1
Germany	78.732884	32.3	32.3
Germany	80.854515	32.4	32.4
Germany	81.699829	32.6	32.6
Germany	81.055904	32.78	32.78
Germany	78.732884	32.8	32.8
Germany	81.993831	32.9	32.9
Germany	77.657451	33	33
Germany	78.146938	33	33
Germany	78.057826	33.4	33.4
Germany	77.566776	33.4	33.4
Germany	78.426715	33.6	33.6
Germany	77.657451	33.9	33.9
Germany	77.570009	35.2	35.2
Germany	78.426715	36	36
Germany	78.426715	36.4	36.4
Germany	78.713928	36.5	36.5
Germany	78.667327	36.6	36.6
Germany	78.159527	36.6	36.6
Germany	80.675999	36.6	36.6
Germany	78.732884	37	37
Germany	72.999071	38	38
Germany	75.553512	38	38
Germany	78.732884	38.3	38.3
Germany	70.503779	38.4	38.4
Germany	77.673858	38.6	38.6
Germany	77.673858	38.7	38.7
Germany	78.366605	39.2	39.2
Germany	78.366605	39.4	39.4
Germany	68.548849	39.6	39.6
Germany	74.256241	42.3	42.3
Germany	77.566776	42.8	42.8
Germany	78.958237	42.9	42.9
Germany	77.570009	43.9	43.9
Germany	68.548849	45	45
Germany	75.553512	45	45
Germany	81.6129	45.9	45.9
Germany	75.553512	47	47
Germany	81.895925	47.1	47.1
Germany		49	49
Germany	72.999071	49	49
Germany	80.435307	49.2	49.2
Germany	80.519685	49.3	49.3
Germany	80.665906	49.4	49.4
Germany	81.417791	49.9	49.9
Germany	70.503779	51	51
Iceland	0.327318	22.7	22.7
Iceland	0.32103	23.6	23.6
Iceland		23.6	23.6
Iceland	0.323407	24	24
Iceland	0.325392	24	24
Iceland	0.293084	24.1	24.1
Iceland	0.318042	24.4	24.4
Iceland	0.318042	24.6	24.6
Iceland	0.296745	25.1	25.1
Iceland	0.32103	25.1	25.1
Iceland	0.293084	25.7	25.7
Iceland	0.293084	25.7	25.7
Iceland	0.318042	25.7	25.7
Iceland	0.300887	26.3	26.3
Iceland	0.318042	26.43	26.43
Iceland	0.314336	26.6	26.6
Iceland	0.296745	26.9	26.9
Iceland	0.323407	26.94	26.94
Iceland	0.32103	27.03	27.03
Iceland	0.310033	27.3	27.3
Iceland	0.305415	27.9	27.9
Iceland	0.305415	28	28
Iceland	0.305415	28	28
Iceland	0.293084	28.11	28.11
Iceland	0.300887	28.6	28.6
Iceland	0.314336	28.74	28.74
Iceland	0.296745	29.38	29.38
Iceland	0.305415	29.58	29.58
Iceland	0.314336	29.6	29.6
Iceland	0.310033	30.1	30.1
Iceland	0.300887	30.25	30.25
Iceland	0.310033	31.89	31.89
Iceland	0.293084	36.5	36.5
Iceland	0.296745	37.3	37.3
Iceland	0.305415	37.3	37.3
Iceland	0.314336	38.1	38.1
Iceland	0.310033	38.2	38.2
Iceland	0.300887	38.3	38.3
Iceland	0.318042	39.3	39.3
Ireland	4.558603	28.8	28.8
Ireland	3.901688	29	29
Ireland	4.480145	29.3	29.3
Ireland	4.617334	29.4	29.4
Ireland	4.652714	29.8	29.8
Ireland	4.388612	29.9	29.9
Ireland	4.480145	29.9	29.9
Ireland	4.667868	29.9	29.9
Ireland	3.076273	30	30
Ireland	3.841574	30	30
Ireland	4.671263	30	30
Ireland	4.388612	30.2	30.2
Ireland	4.652714	30.2	30.2
Ireland	4.040986	30.6	30.6
Ireland	4.617334	30.7	30.7
Ireland	4.675164	30.8	30.8
Ireland	4.480145	30.91	30.91
Ireland	4.388612	31.3	31.3
Ireland	3.841574	31.4	31.4
Ireland	4.119773	31.4	31.4
Ireland	4.293942	31.4	31.4
Ireland	4.119773	31.5	31.5
Ireland	4.2037	31.5	31.5
Ireland	4.2037	31.9	31.9
Ireland	4.293942	31.9	31.9
Ireland	4.388612	31.96	31.96
Ireland	3.788816	32	32
Ireland	4.617334	32.3	32.3
Ireland	4.652714	32.33	32.33
Ireland	4.119773	32.5	32.5
Ireland	4.667868	32.52	32.52
Ireland	4.293942	32.73	32.73
Ireland	4.558603	32.84	32.84
Ireland	3.566416	32.9	32.9
Ireland	3.566416	33	33
Ireland	3.645333	33	33
Ireland	3.673553	33	33
Ireland	3.706032	33	33
Ireland	4.558603	33.1	33.1
Ireland	3.673553	33.4	33.4
Ireland	4.119773	33.72	33.72
Ireland	4.2037	33.76	33.76
Ireland	3.620616	33.9	33.9
Ireland	3.743948	34	34
Ireland	3.645333	34.5	34.5
Ireland	3.566416	35.2	35.2
Ireland	3.431078	36	36
Ireland	3.620616	36.2	36.2
Ireland	3.076273	36.7	36.7
Ireland	3.431078	36.7	36.7
Ireland	3.076273	37.6	37.6
Ireland	3.076273	38.7	38.7
Ireland	3.431078	39.3	39.3
Ireland	3.566416	40.3	40.3
Ireland	3.566416	50.3	50.3
Ireland	4.119773	50.4	50.4
Ireland	4.2037	50.4	50.4
Ireland	4.388612	51	51
Ireland	4.293942	51.1	51.1
Ireland	4.480145	53.7	53.7
Ireland	4.558603	59.1	59.1
Netherlands	15.806771	23.1	23.1
Netherlands	13.827329	23.5	23.5
Netherlands	14.634787	23.6	23.6
Netherlands	14.471591	24.2	24.2
Netherlands	14.181967	24.5	24.5
Netherlands	15.721627	25	25
Netherlands	15.894016	25	25
Netherlands	16.809157	25.1	25.1
Netherlands	14.325363	25.2	25.2
Netherlands	15.450803	25.3	25.3
Netherlands	16.749318	25.4	25.4
Netherlands	15.128288	25.5	25.5
Netherlands	15.347792	25.5	25.5
Netherlands	16.631571	25.5	25.5
Netherlands	15.019184	25.6	25.6
Netherlands	15.239262	25.7	25.7
Netherlands	15.239262	25.7	25.7
Netherlands	15.546647	25.7	25.7
Netherlands	16.631571	25.7	25.7
Netherlands	14.915139	25.8	25.8
Netherlands	15.636131	25.8	25.8
Netherlands	16.689863	25.8	25.8
Netherlands	15.636131	26	26
Netherlands	15.806771	26	26
Netherlands	15.984365	26	26
Netherlands	16.86802	26.2	26.2
Netherlands	16.401105	26.4	26.4
Netherlands	16.809157	26.4	26.4
Netherlands		26.4	26.4
Netherlands	16.253397	26.7	26.7
Netherlands	14.915139	26.8	26.8
Netherlands	16.331646	26.9	26.9
Netherlands	16.076427	27	27
Netherlands	16.167421	27	27
Netherlands	15.019184	27.1	27.1
Netherlands	14.471591	27.2	27.2
Netherlands	16.575173	27.2	27.2
Netherlands	16.463031	27.6	27.6
Netherlands	16.519862	27.6	27.6
Netherlands	16.463031	27.7	27.7
Netherlands	14.325363	27.8	27.8
Netherlands	16.749318	27.8	27.8
Netherlands	16.749318	27.99	27.99
Netherlands	16.401105	28	28
Netherlands	14.471591	28.1	28.1
Netherlands	16.689863	28.17	28.17
Netherlands	14.181967	28.3	28.3
Netherlands	16.575173	28.3	28.3
Netherlands	16.575173	28.38	28.38
Netherlands	13.827329	28.4	28.4
Netherlands	16.331646	28.4	28.4
Netherlands	16.519862	28.6	28.6
Netherlands	16.631571	28.73	28.73
Netherlands	16.631571	28.8	28.8
Netherlands	14.723266	29	29
Netherlands	15.450803	29	29
Netherlands	15.546647	29	29
Netherlands	14.471591	29.2	29.2
Netherlands	14.915139	29.2	29.2
Netherlands	15.894016	29.2	29.2
Netherlands	14.325363	29.4	29.4
Netherlands	14.634787	29.4	29.4
Netherlands	16.463031	29.5	29.5
Netherlands	14.816751	29.6	29.6
Netherlands	15.450803	29.7	29.7
Netherlands	13.369326	29.8	29.8
Netherlands	14.181967	29.8	29.8
Netherlands	16.331646	29.86	29.86
Netherlands	14.634787	29.9	29.9
Netherlands	16.519862	29.93	29.93
Netherlands	16.463031	30.35	30.35
Netherlands	16.253397	30.74	30.74
Netherlands	16.401105	30.76	30.76
Netherlands	15.450803	31.6	31.6
Netherlands	15.128288	31.7	31.7
Netherlands	15.347792	31.7	31.7
Netherlands	15.636131	31.7	31.7
Netherlands	15.019184	31.8	31.8
Netherlands	15.721627	31.8	31.8
Netherlands	15.239262	31.9	31.9
Netherlands	15.546647	32	32
Netherlands	15.806771	32	32
Netherlands	14.915139	32.2	32.2
Netherlands	15.894016	32.5	32.5
Netherlands	13.369326	34.4	34.4
Netherlands	12.531621	35.4	35.4
Netherlands	10.06118	41	41
Netherlands	15.019184	41.4	41.4
Netherlands	16.519862	41.7	41.7
Netherlands	16.575173	41.7	41.7
Netherlands	11.744583	42	42
Netherlands	15.894016	42.4	42.4
Netherlands	16.401105	42.4	42.4
Netherlands	16.631571	42.4	42.4
Netherlands	16.331646	42.6	42.6
Netherlands	16.463031	43	43
Netherlands	11.744583	44	44
Netherlands	11.744583	44	44
Netherlands	12.531621	44.9	44.9
Netherlands	10.06118	45	45
Netherlands	10.32825	45	45
Netherlands		46	46
Netherlands	14.471591	47.3	47.3
Netherlands	14.915139	47.4	47.4
Netherlands		48	48
Netherlands	15.450803	48.4	48.4
Netherlands		50	50
Norway	4.199817	21.7	21.7
Norway	4.164166	22.2	22.2
Norway	4.148355	22.4	22.4
Norway	4.164166	22.4	22.4
Norway	4.181326	22.4	22.4
Norway	4.069626	22.5	22.5
Norway	5.018367	22.5	22.5
Norway	4.164166	22.6	22.6
Norway	5.08345	22.7	22.7
Norway	4.953945	22.9	22.9
Norway	4.262367	23.1	23.1
Norway	4.240375	23.3	23.3
Norway	4.262367	23.3	23.3
Norway	4.107655	23.4	23.4
Norway	4.164166	23.4	23.4
Norway	5.14797	23.5	23.5
Norway	4.891251	23.6	23.6
Norway	4.716584	23.7	23.7
Norway	4.262367	23.8	23.8
Norway	4.199817	23.9	23.9
Norway		23.9	23.9
Norway	4.285504	24	24
Norway	4.830371	24.1	24.1
Norway	4.359788	24.2	24.2
Norway	4.359788	24.3	24.3
Norway	4.219532	24.4	24.4
Norway	4.164166	24.5	24.5
Norway	4.309606	24.5	24.5
Norway	4.716584	24.5	24.5
Norway	4.830371	24.5	24.5
Norway	4.219532	24.7	24.7
Norway	4.891251	24.9	24.9
Norway	4.891251	24.9	24.9
Norway	4.771633	25	25
Norway	4.953945	25	25
Norway	4.771633	25.1	25.1
Norway	5.08345	25.1	25.1
Norway	4.240375	25.2	25.2
Norway	4.589241	25.2	25.2
Norway	4.334434	25.5	25.5
Norway	4.953945	25.54	25.54
Norway	4.891251	25.86	25.86
Norway	5.018367	25.9	25.9
Norway	4.285504	26	26
Norway	4.491572	26	26
Norway	4.491572	26.1	26.1
Norway	4.830371	26.39	26.39
Norway	4.560947	26.6	26.6
Norway	4.514907	26.7	26.7
Norway	4.771633	27.14	27.14
Norway	4.440109	27.2	27.2
Norway	4.667105	27.29	27.29
Norway	4.466468	27.3	27.3
Norway	4.589241	27.6	27.6
Norway	4.385951	27.8	27.8
Norway	4.334434	27.9	27.9
Norway	4.716584	28.07	28.07
Norway	4.412958	28.1	28.1
Norway	4.624388	28.2	28.2
Norway	4.589241	28.3	28.3
Norway	4.491572	28.9	28.9
Norway	4.667105	29.2	29.2
Norway	4.53724	29.6	29.6
Norway	3.875719	30.5	30.5
Norway	4.069626	30.5	30.5
Norway	3.875719	30.7	30.7
Norway	4.199817	30.9	30.9
Norway	4.199817	31.2	31.2
Norway	4.069626	31.4	31.4
Norway	4.148355	31.7	31.7
Norway	4.164166	31.7	31.7
Norway	4.589241	31.72	31.72
Norway	4.025297	31.9	31.9
Norway	4.164166	32	32
Norway	4.133833	32.2	32.2
Norway	4.181326	32.2	32.2
Norway	4.624388	32.27	32.27
Norway	4.107655	32.5	32.5
Norway	4.240375	32.9	32.9
Norway	4.240375	33.4	33.4
Norway	4.285504	34.1	34.1
Norway	4.219532	34.3	34.3
Norway	4.514907	34.6	34.6
Norway	3.959705	34.8	34.8
Norway	3.664963	35	35
Norway	4.440109	35	35
Norway	4.466468	35	35
Norway	4.164166	35.1	35.1
Norway	4.385951	35.6	35.6
Norway	4.334434	35.8	35.8
Norway	4.412958	35.8	35.8
Norway	3.664963	36	36
Norway	3.664963	36	36
Norway	4.491572	36.7	36.7
Norway	4.53724	37.2	37.2
Norway	4.262367	37.8	37.8
Norway	3.490437	40	40
Norway	4.359788	40.4	40.4
Norway	4.199817	40.6	40.6
Norway	4.181326	40.7	40.7
Norway	4.240375	40.8	40.8
Norway	4.219532	41	41
Norway	4.771633	41	41
Norway	4.164166	41.2	41.2
Norway	4.830371	41.7	41.7
Norway	4.148355	42.3	42.3
Norway	4.891251	42.3	42.3
Norway	4.491572	42.6	42.6
Norway	4.107655	43.3	43.3
Norway	4.133833	43.4	43.4
Norway	4.589241	44.7	44.7
Singapore	2.880188	30.7	30.7
Singapore	2.344224	34	34
Singapore	3.29128	34.7	34.7
Singapore	2.317796	37	37
Singapore	2.344224	37	37
Singapore	2.880188	37.4	37.4
Singapore	3.29128	37.8	37.8
Singapore	2.583241	38.3	38.3
Singapore	2.152603	40	40
Singapore	2.414524	40.7	40.7
Singapore	2.191924	41	41
Singapore	2.880188	41	41
Singapore	3.29128	41	41
Singapore	2.344224	42	42
Singapore	2.520494	42	42
Singapore	2.583241	42	42
Singapore	2.375417	43	43
Singapore	2.414524	43	43
Singapore	2.463245	43	43
Singapore	2.228896	43.4	43.4
Singapore	3.0164	43.6	43.6
Singapore	2.317796	44	44
Singapore	2.152603	44.3	44.3
Singapore	3.482635	44.3	44.3
Singapore	3.653151	44.4	44.4
Singapore	3.735531	44.6	44.6
Singapore	2.262393	44.8	44.8
Singapore	2.291621	45	45
Singapore	1.933993	45.7	45.7
Singapore	2.191924	45.7	45.7
Singapore	4.254553	45.7	45.7
Singapore	2.520494	46	46
Singapore	2.708634	46	46
Singapore	2.766755	46	46
Singapore	2.822828	46	46
Singapore	2.880188	46	46
Singapore	3.0164	46	46
Singapore	3.822619	46.7	46.7
Singapore	2.583241	47	47
Singapore	2.646981	47	47
Singapore	2.943633	47	47
Singapore	3.100091	47	47
Singapore	3.193042	47	47
Singapore	3.389119	47	47
Singapore	3.57008	47	47
Singapore	3.653151	47	47
Singapore	3.735531	47	47
Singapore	4.965105	47.1	47.1
Singapore	5.078961	47.2	47.2
Singapore	5.190666	47.3	47.3
Singapore	4.849641	47.4	47.4
Singapore	3.29128	48	48
Singapore	3.918183	48.1	48.1
Singapore	1.933993	49.8	49.8
Singapore	4.254553		
Singapore	4.849641		
Singapore	5.299524		
Switzerland	7.345299	26.8	26.8
Switzerland	7.242034	27.3	27.3
Switzerland	7.165581	28.5	28.5
Switzerland	8.118719	28.5	28.5
Switzerland	8.022628	28.8	28.8
Switzerland	7.925813	28.9	28.9
Switzerland	7.200945	29.5	29.5
Switzerland	8.211383	29.5	29.5
Switzerland	7.830534	29.6	29.6
Switzerland	7.200945	29.7	29.7
Switzerland	7.925813	29.7	29.7
Switzerland	7.737316	29.8	29.8
Switzerland	7.560141	30.4	30.4
Switzerland	7.737316	30.7	30.7
Switzerland	7.113505	30.9	30.9
Switzerland	7.242034	30.9	30.9
Switzerland	7.165581	31	31
Switzerland	7.242034	31.1	31.1
Switzerland	7.646542	31.1	31.1
Switzerland	6.321583	31.2	31.2
Switzerland	8.022628	31.64	31.64
Switzerland	6.814186	31.7	31.7
Switzerland	7.165581	31.8	31.8
Switzerland	7.925813	31.83	31.83
Switzerland	7.113505	31.9	31.9
Switzerland	6.341369	32	32
Switzerland	6.341369	32.3	32.3
Switzerland	7.830534	32.72	32.72
Switzerland	7.737316	32.96	32.96
Switzerland	6.739995	33.8	33.8
Switzerland	7.646542	33.96	33.96
Switzerland	7.560141	34.47	34.47
Switzerland	6.341369	35.1	35.1
Switzerland	7.737316	37.2	37.2
Switzerland	6.341369	40.6	40.6
United States	227.411604	31	31
United States	209.485807	32.4	32.4
United States	236.161961	33.6	33.6
United States	238.404223	33.7	33.7
United States	243.032017	33.9	33.9
United States	207.059453	34	34
United States	240.691557	34	34
United States	245.425409	34	34
United States	243.032017	34.1	34.1
United States	255.36716	34.3	34.3
United States	247.865202	34.4	34.4
United States	255.36716	34.6	34.6
United States	255.36716	34.6	34.6
United States	229.588208	34.7	34.7
United States	250.340795	34.8	34.8
United States	252.84781	34.9	34.9
United States	231.765783	35	35
United States	227.411604	35.2	35.2
United States	257.908206	35.2	35.2
United States	279.730801	35.4	35.4
United States	276.354096	35.7	35.7
United States	282.895741	35.7	35.7
United States	217.001865	35.9	35.9
United States	227.411604	35.9	35.9
United States	233.953874	35.9	35.9
United States	285.796198	36	36
United States	293.530886	36	36
United States	266.275528	36.1	36.1
United States	269.483224	36.3	36.3
United States	272.882865	36.4	36.4
United States	263.301323	36.6	36.6
United States	236.161961	36.8	36.8
United States	260.52742	36.9	36.9
United States	309.87617	36.9	36.9
United States	263.301323	37	37
United States	282.895741	37	37
United States	238.404223	37.2	37.2
United States	272.882865	37.2	37.2
United States	293.530886	37.3	37.3
United States	291.005482	37.4	37.4
United States	288.470847	37.6	37.6
United States	301.655953	37.6	37.6
United States	243.032017	37.73	37.73
United States	304.473143	37.8	37.8
United States	255.36716	37.9	37.9
United States	301.655953	37.9	37.9
United States	317.135919	37.9	37.9
United States	245.425409	38	38
United States	296.139635	38	38
United States	309.87617	38	38
United States	213.219515	38.1	38.1
United States	240.691557	38.1	38.1
United States	252.84781	38.1	38.1
United States	257.908206	38.1	38.1
United States	255.36716	38.36	38.36
United States	247.865202	38.4	38.4
United States	298.860519	38.4	38.4
United States	243.032017	38.6	38.6
United States	250.340795	38.7	38.7
United States	205.045826	38.8	38.8
United States	266.275528	38.8	38.8
United States	312.390368	38.9	38.9
United States	314.799465	38.9	38.9
United States	207.059453	39.1	39.1
United States	269.483224	39.2	39.2
United States	209.485807	39.4	39.4
United States	217.001865	39.5	39.5
United States	260.52742	39.5	39.5
United States	263.301323	39.5	39.5
United States	211.357912	39.6	39.6
United States	215.0929	39.7	39.7
United States	218.963561	39.7	39.7
United States	220.993166	39.8	39.8
United States	203.008722	39.9	39.9
United States	213.219515	40.1	40.1
United States	223.090871	40.2	40.2
United States	225.239456	40.2	40.2
United States	229.588208	40.3	40.3
United States	263.301323	40.35	40.35
United States	227.411604	40.4	40.4
United States	243.032017	40.4	40.4
United States	282.895741	40.46	40.46
United States	309.87617	40.46	40.46
United States	205.045826	40.6	40.6
United States	231.765783	40.6	40.6
United States	293.530886	40.62	40.62
United States	272.882865	40.86	40.86
United States	317.135919	41.06	41.06
United States		41.1	41.1
United States	233.953874	41.2	41.2
United States	200.810181	41.3	41.3
United States	198.504375	41.4	41.4
United States	236.161961	41.4	41.4
United States	172.555161	41.5	41.5
United States	238.404223	41.5	41.5
United States	158.226907	41.6	41.6
United States	160.959736	41.6	41.6
United States	178.663448	41.6	41.6
United States	203.008722	41.6	41.6
United States	198.504375	41.7	41.7
United States	301.655953	41.75	41.75
United States	175.702775	41.8	41.8
United States	193.333953	41.8	41.8
United States	196.038191	41.9	41.9
United States	240.691557	41.9	41.9
United States	169.518898	42	42
United States	190.571474	42.1	42.1
United States	181.67519	42.2	42.2
United States	184.577624	42.3	42.3
United States		42.4	42.4
United States	243.032017	42.5	42.5
United States	245.425409	42.6	42.6
United States	247.865202	42.7	42.7
United States		42.8	42.8
United States	252.84781	42.8	42.8
United States	255.36716	42.8	42.8
United States	166.551085	42.9	42.9
United States		43	43
United States	155.563526	43.1	43.1
United States	250.340795	43.1	43.1
United States	187.662914	43.2	43.2
United States	257.908206	43.4	43.4
United States		43.6	43.6
United States	238.404223	43.6	43.6
United States	203.008722	44.1	44.1
United States	205.045826	44.2	44.2
United States	229.588208	44.6	44.6
United States	227.411604	44.8	44.8
United States	255.36716	44.9	44.9
United States	250.340795	45	45
United States	266.275528	45	45
United States	207.059453	45.3	45.3
United States	225.239456	45.3	45.3
United States	231.765783	45.3	45.3
United States	260.52742	45.4	45.4
United States	209.485807	45.5	45.5
United States	218.963561	45.5	45.5
United States	269.483224	45.5	45.5
United States	211.357912	45.6	45.6
United States	220.993166	45.6	45.6
United States	223.090871	45.6	45.6
United States	263.301323	45.6	45.6
United States	276.354096	45.6	45.6
United States	236.161961	45.7	45.7
United States	233.953874	45.8	45.8
United States	279.730801	45.8	45.8
United States	213.219515	45.9	45.9
United States	217.001865	45.9	45.9
United States	240.691557	45.9	45.9
United States	243.032017	45.9	45.9
United States	272.882865	45.9	45.9
United States	238.404223	46	46
United States	215.0929	46.1	46.1
United States	282.895741	46.2	46.2
United States	288.470847	46.2	46.2
United States	291.005482	46.4	46.4
United States	319.448634	46.4	46.4
United States	285.796198	46.6	46.6
United States	293.530886	46.6	46.6
United States	282.895741	47.6	47.6
United States	312.390368	47.6	47.6
United States	266.275528	47.7	47.7
United States	314.799465	47.7	47.7
United States	317.135919	47.7	47.7
United States	319.448634	48	48
United States	296.139635	48.6	48.6
United States	304.473143	48.6	48.6
United States	309.87617	49.9	49.9